Date, Close/Last, Volume, Open, High, Low
06/12/2020, $9.39, 7074688, $9.48, $9.54, $9.195
06/11/2020, $9, 9508308, $9.36, $9.5, $8.95
06/10/2020, $9.78, 7838478, $10.13, $10.15, $9.76
06/09/2020, $9.82, 7490265, $9.81, $9.91, $9.642
06/08/2020, $10.2, 10254810, $10.33, $10.4, $10.02
06/05/2020, $9.69, 8949277, $9.87, $9.905, $9.67
06/04/2020, $9.49, 8666640, $9.36, $9.62, $9.285
06/03/2020, $9.22, 7084000, $8.97, $9.26, $8.94
06/02/2020, $8.9, 6240397, $8.91, $9.01, $8.84
06/01/2020, $8.69, 4256390, $8.47, $8.72, $8.44
05/29/2020, $8.4, 5230577, $8.46, $8.53, $8.33
05/28/2020, $8.51, 8666587, $8.72, $8.778, $8.49
05/27/2020, $8.68, 9086473, $8.59, $8.68, $8.405
05/26/2020, $8.21, 9982457, $7.96, $8.28, $7.955
05/22/2020, $7.32, 3174901, $7.4, $7.42, $7.28
05/21/2020, $7.36, 2832432, $7.42, $7.5, $7.33
05/20/2020, $7.51, 6453003, $7.35, $7.57, $7.34
05/19/2020, $7.06, 7553232, $7.15, $7.22, $7.04
05/18/2020, $7.13, 8496321, $6.94, $7.17, $6.88
05/15/2020, $6.44, 5979838, $6.47, $6.5, $6.395
05/14/2020, $6.66, 5277182, $6.37, $6.68, $6.25
05/13/2020, $6.6, 5082177, $6.82, $6.82, $6.53
05/12/2020, $6.91, 5591775, $7.02, $7.12, $6.9
05/11/2020, $6.93, 4329837, $6.93, $6.97, $6.83
05/08/2020, $7.13, 2759094, $7.12, $7.15, $7.05
05/07/2020, $6.99, 5227232, $6.97, $7.12, $6.965
05/06/2020, $6.8, 5273281, $7.04, $7.0566, $6.79
05/05/2020, $6.97, 4709581, $7.09, $7.14, $6.945
05/04/2020, $7.05, 7268500, $7.04, $7.18, $6.995
05/01/2020, $7.15, 5636558, $7.3, $7.3, $7.1
04/30/2020, $7.41, 6193381, $7.32, $7.515, $7.17
04/29/2020, $7.67, 12885530, $7.48, $7.76, $7.41
04/28/2020, $6.85, 7676040, $6.94, $6.97, $6.765
04/27/2020, $6.69, 9091582, $6.47, $6.725, $6.4301
04/24/2020, $5.95, 6439824, $6.08, $6.1, $5.8345
04/23/2020, $6.18, 5646148, $6.1, $6.41, $6.08
04/22/2020, $6.09, 4357372, $6.15, $6.165, $6.06
04/21/2020, $6.08, 6791261, $6.1, $6.26, $6.03
04/20/2020, $6.33, 5056080, $6.26, $6.47, $6.23
04/17/2020, $6.54, 4337295, $6.5, $6.56, $6.38
04/16/2020, $6.22, 2359206, $6.24, $6.26, $6.11
04/15/2020, $6.23, 7404076, $6.31, $6.3799, $6.1425
04/14/2020, $6.85, 6054047, $6.83, $6.98, $6.73
04/13/2020, $6.52, 3851730, $6.66, $6.67, $6.44
04/09/2020, $6.69, 7326863, $6.74, $6.775, $6.5405
04/08/2020, $6.54, 4605047, $6.59, $6.62, $6.44
04/07/2020, $6.64, 7775573, $6.82, $6.84, $6.555
04/06/2020, $6.38, 5750318, $6.34, $6.4, $6.21
04/03/2020, $5.9, 4594293, $5.92, $5.97, $5.79
04/02/2020, $6.02, 6539395, $6.02, $6.32, $5.92
04/01/2020, $5.96, 5716223, $6.1, $6.21, $5.95
03/31/2020, $6.42, 5113991, $6.36, $6.595, $6.33
03/30/2020, $6.51, 5937723, $6.34, $6.52, $6.21
03/27/2020, $6.47, 6165211, $6.5, $6.62, $6.41
03/26/2020, $6.99, 8199547, $6.87, $7.06, $6.79
03/25/2020, $6.88, 10449070, $6.77, $7.115, $6.53
03/24/2020, $6.58, 9838860, $6.46, $6.7454, $6.3
03/23/2020, $5.84, 11118950, $6, $6.085, $5.84
03/20/2020, $5.76, 12969960, $6, $6.13, $5.66
03/19/2020, $5.86, 13403120, $5.77, $6.0498, $5.62
03/18/2020, $5.56, 15663600, $5.56, $5.73, $5.31
03/17/2020, $5.79, 11880610, $5.49, $5.85, $5.38
03/16/2020, $5.48, 12521290, $5.03, $5.675, $4.99
03/13/2020, $5.97, 10609870, $6.15, $6.17, $5.5501
03/12/2020, $5.53, 16434760, $6.1, $6.1, $5.4
03/11/2020, $6.51, 18292360, $6.77, $6.88, $6.4
03/10/2020, $6.96, 11166080, $7.21, $7.28, $6.65
03/09/2020, $6.62, 13790370, $6.6, $6.9301, $6.5912
03/06/2020, $7.59, 10970250, $7.6, $7.78, $7.5
03/05/2020, $7.75, 11179990, $7.83, $7.9489, $7.7
03/04/2020, $8.2, 10606180, $8.15, $8.25, $7.96
03/03/2020, $8.14, 15845560, $8.58, $8.65, $8.07
03/02/2020, $8.59, 12264640, $8.46, $8.6, $8.2876
02/28/2020, $8.72, 9583771, $8.66, $8.8, $8.47
02/27/2020, $8.98, 12148440, $9.13, $9.26, $8.88
02/26/2020, $9.45, 8695382, $9.58, $9.73, $9.44
02/25/2020, $9.33, 16133060, $9.64, $9.6625, $9.29
02/24/2020, $9.64, 10693840, $9.68, $9.77, $9.59
02/21/2020, $10.24, 11119140, $10.58, $10.58, $10.16
02/20/2020, $10.67, 6287826, $10.7, $10.815, $10.58
02/19/2020, $10.67, 7628259, $10.59, $10.73, $10.56
02/18/2020, $10.71, 6397484, $10.73, $10.79, $10.68
02/14/2020, $11.04, 5973885, $11.09, $11.16, $11
02/13/2020, $11.02, 8443364, $10.99, $11.13, $10.9523
02/12/2020, $10.85, 5476615, $10.86, $10.9, $10.79
02/11/2020, $10.5, 7890221, $10.43, $10.655, $10.365
02/10/2020, $10.3, 8158472, $10.23, $10.35, $10.115
02/07/2020, $10.41, 5954297, $10.39, $10.47, $10.32
02/06/2020, $10.37, 23345350, $10.17, $10.445, $10.1
02/05/2020, $9.11, 5814911, $9.12, $9.12, $9.015
02/04/2020, $8.99, 4721952, $9.04, $9.0498, $8.98
02/03/2020, $8.96, 5670330, $9, $9.09, $8.95
01/31/2020, $9.15, 8241772, $9.3, $9.3399, $9.085
01/30/2020, $9.3, 11896530, $9.06, $9.31, $9.02
01/29/2020, $8.77, 5691275, $8.75, $8.81, $8.685
01/28/2020, $8.67, 3801326, $8.6, $8.67, $8.54
01/27/2020, $8.54, 5431067, $8.5, $8.59, $8.47
01/24/2020, $8.57, 8226052, $8.67, $8.69, $8.51
01/23/2020, $8.56, 6494843, $8.45, $8.575, $8.375
01/22/2020, $8.4, 3243180, $8.34, $8.42, $8.32
01/21/2020, $8.27, 3883590, $8.36, $8.39, $8.27
01/17/2020, $8.42, 4388864, $8.46, $8.47, $8.41
01/16/2020, $8.54, 3089016, $8.49, $8.545, $8.465
01/15/2020, $8.41, 5260750, $8.51, $8.51, $8.4
01/14/2020, $8.58, 5661484, $8.5, $8.67, $8.5
01/13/2020, $8.48, 4841393, $8.43, $8.49, $8.39
01/10/2020, $8.52, 3734118, $8.54, $8.59, $8.51
01/09/2020, $8.61, 4905222, $8.62, $8.63, $8.55
01/08/2020, $8.57, 8386132, $8.52, $8.63, $8.46
01/07/2020, $8.25, 4535477, $8.17, $8.29, $8.14
01/06/2020, $8.06, 5566954, $7.89, $8.08, $7.88
01/03/2020, $8.12, 5744472, $8.08, $8.18, $8.06
01/02/2020, $8.33, 11434850, $8.11, $8.33, $8.045
12/31/2019, $7.78, 2234429, $7.7, $7.79, $7.67
12/30/2019, $7.72, 2841443, $7.74, $7.78, $7.69
12/27/2019, $7.69, 2525156, $7.75, $7.77, $7.69
12/26/2019, $7.66, 2243933, $7.61, $7.68, $7.61
12/24/2019, $7.62, 940979, $7.64, $7.665, $7.61
12/23/2019, $7.67, 3270148, $7.695, $7.72, $7.65
12/20/2019, $7.77, 3000069, $7.79, $7.84, $7.76
12/19/2019, $7.89, 2935502, $7.82, $7.92, $7.81
12/18/2019, $7.75, 2734306, $7.8, $7.83, $7.75
12/17/2019, $7.81, 4468116, $7.73, $7.82, $7.725
12/16/2019, $7.69, 4439177, $7.69, $7.78, $7.67
12/13/2019, $7.48, 5662689, $7.57, $7.71, $7.46
12/12/2019, $7.57, 12541340, $7.43, $7.6, $7.41
12/11/2019, $7.26, 2721794, $7.28, $7.31, $7.26
12/10/2019, $7.19, 3888091, $7.19, $7.225, $7.15
12/09/2019, $7.21, 3807540, $7.25, $7.31, $7.21
12/06/2019, $7.22, 2117499, $7.24, $7.26, $7.18
12/05/2019, $7.18, 2930596, $7.2, $7.23, $7.14
12/04/2019, $7.17, 4000233, $7.06, $7.22, $7.05
12/03/2019, $7.06, 4884211, $7.065, $7.08, $7.01
12/02/2019, $7.19, 3894963, $7.23, $7.25, $7.16
11/29/2019, $7.21, 2807378, $7.26, $7.26, $7.2
11/27/2019, $7.36, 2867185, $7.35, $7.37, $7.33
11/26/2019, $7.29, 3178929, $7.31, $7.32, $7.27
11/25/2019, $7.38, 3589583, $7.36, $7.39, $7.3249
11/22/2019, $7.36, 3158082, $7.37, $7.43, $7.34
11/21/2019, $7.38, 4026833, $7.37, $7.41, $7.32
11/20/2019, $7.3, 5301043, $7.27, $7.32, $7.22
11/19/2019, $7.35, 4584525, $7.36, $7.39, $7.2702
11/18/2019, $7.35, 2018986, $7.26, $7.35, $7.23
11/15/2019, $7.31, 3548143, $7.3, $7.33, $7.25
11/14/2019, $7.21, 4273927, $7.29, $7.31, $7.165
11/13/2019, $7.28, 5801618, $7.36, $7.39, $7.26
11/12/2019, $7.63, 3211791, $7.62, $7.68, $7.595
11/11/2019, $7.61, 2959726, $7.53, $7.63, $7.51
11/08/2019, $7.63, 5744329, $7.65, $7.6881, $7.61
11/07/2019, $7.76, 5334812, $7.8, $7.84, $7.75
11/06/2019, $7.65, 4469444, $7.68, $7.72, $7.6
11/05/2019, $7.61, 5683251, $7.7, $7.72, $7.61
11/04/2019, $7.66, 5264076, $7.63, $7.68, $7.58
11/01/2019, $7.39, 3906175, $7.33, $7.41, $7.33
10/31/2019, $7.25, 5244930, $7.33, $7.34, $7.19
10/30/2019, $7.36, 19220610, $7.5, $7.51, $7.31
10/29/2019, $7.98, 3999745, $8.05, $8.055, $7.97
10/28/2019, $8.05, 5531480, $8.02, $8.05, $7.995
10/25/2019, $7.97, 2985147, $7.89, $7.97, $7.88
10/24/2019, $7.9, 5754759, $8.01, $8.05, $7.79
10/23/2019, $7.99, 3547745, $7.96, $8, $7.91
10/22/2019, $7.91, 10237310, $8.04, $8.05, $7.89
10/21/2019, $8.08, 5714394, $8.15, $8.16, $8.06
10/18/2019, $7.92, 5034929, $7.94, $7.96, $7.85
10/17/2019, $7.9, 5470012, $7.96, $8.02, $7.9
10/16/2019, $7.84, 5183900, $7.9, $7.95, $7.84
10/15/2019, $7.78, 5774185, $7.6, $7.82, $7.57
10/14/2019, $7.55, 3399671, $7.54, $7.58, $7.51
10/11/2019, $7.46, 6574615, $7.415, $7.55, $7.41
10/10/2019, $7.13, 5630712, $7.06, $7.17, $7.04
10/09/2019, $6.94, 4323571, $6.93, $6.97, $6.88
10/08/2019, $6.92, 6914716, $6.94, $6.9855, $6.87
10/07/2019, $7.09, 4054766, $7.04, $7.1453, $7.01
10/04/2019, $7.19, 3282273, $7.12, $7.2, $7.04
10/03/2019, $7.15, 5521199, $7.14, $7.2, $7.02
10/02/2019, $7.19, 5478547, $7.25, $7.33, $7.15
10/01/2019, $7.25, 6236926, $7.44, $7.47, $7.215
09/30/2019, $7.5, 3486982, $7.53, $7.53, $7.44
09/27/2019, $7.56, 3823686, $7.54, $7.6, $7.49
09/26/2019, $7.42, 3182142, $7.48, $7.52, $7.39
09/25/2019, $7.58, 5208932, $7.43, $7.62, $7.42
09/24/2019, $7.58, 6455383, $7.75, $7.76, $7.54
09/23/2019, $7.79, 8361188, $7.78, $7.82, $7.69
09/20/2019, $7.99, 3955076, $8.09, $8.115, $7.98
09/19/2019, $8.07, 3333706, $8.13, $8.1573, $8.06
09/18/2019, $8.06, 4687165, $8.08, $8.1, $7.96
09/17/2019, $8.19, 5765615, $8.06, $8.2152, $7.99
09/16/2019, $8.23, 9456245, $8.29, $8.32, $8.21
09/13/2019, $8.45, 6939022, $8.48, $8.53, $8.4
09/12/2019, $8.32, 10229170, $8.15, $8.35, $8.09
09/11/2019, $8.29, 8082270, $8.2, $8.29, $8.14
09/10/2019, $8.3, 6733783, $8.25, $8.32, $8.21
09/09/2019, $8.13, 6726318, $8.01, $8.18, $7.99
09/06/2019, $7.85, 3480447, $7.82, $7.88, $7.78
09/05/2019, $7.82, 8565596, $7.74, $7.85, $7.715
09/04/2019, $7.48, 3907944, $7.46, $7.485, $7.385
09/03/2019, $7.3, 6163443, $7.27, $7.315, $7.21
08/30/2019, $7.25, 3045287, $7.25, $7.3, $7.2
08/29/2019, $7.22, 3394042, $7.21, $7.26, $7.2
08/28/2019, $7.16, 2734712, $7.07, $7.205, $7.05
08/27/2019, $7.13, 6217069, $7.16, $7.19, $7.07
08/26/2019, $7.07, 4324488, $7.1, $7.12, $7
08/23/2019, $6.97, 6324776, $7.09, $7.19, $6.96
08/22/2019, $7.17, 5746068, $7.18, $7.205, $7.11
08/21/2019, $7.01, 8909331, $7.05, $7.07, $7
08/20/2019, $6.97, 8859515, $6.95, $7.02, $6.9
08/19/2019, $7.05, 6734287, $7.03, $7.06, $7
08/16/2019, $6.94, 14495990, $6.51, $6.95, $6.51
08/15/2019, $6.44, 11136560, $6.61, $6.68, $6.44
08/14/2019, $6.69, 10756800, $6.85, $6.88, $6.69
08/13/2019, $7.21, 11060110, $6.97, $7.22, $6.94
08/12/2019, $6.95, 15671640, $7.17, $7.19, $6.88
08/09/2019, $7.53, 4678215, $7.57, $7.58, $7.465
08/08/2019, $7.66, 6809795, $7.53, $7.7464, $7.52
08/07/2019, $7.47, 7232523, $7.4, $7.48, $7.33
08/06/2019, $7.63, 5752743, $7.64, $7.675, $7.52
08/05/2019, $7.65, 5814069, $7.74, $7.75, $7.605
08/02/2019, $7.89, 5538160, $7.77, $7.89, $7.71
08/01/2019, $7.61, 8559416, $7.77, $7.845, $7.53
07/31/2019, $7.81, 5692782, $7.89, $7.92, $7.76
07/30/2019, $7.75, 5938421, $7.68, $7.755, $7.62
07/29/2019, $7.83, 3211373, $7.93, $7.93, $7.83
07/26/2019, $7.93, 4561788, $7.93, $7.95, $7.88
07/25/2019, $7.9, 7564959, $7.95, $8, $7.775
07/24/2019, $7.92, 8203519, $7.76, $7.93, $7.72
07/23/2019, $7.95, 5412018, $7.91, $7.98, $7.9
07/22/2019, $7.8, 2857103, $7.81, $7.83, $7.73
07/19/2019, $7.72, 5424883, $7.7, $7.78, $7.67
07/18/2019, $7.93, 3810977, $7.91, $7.94, $7.835
07/17/2019, $7.88, 5059081, $8.03, $8.04, $7.87
07/16/2019, $7.97, 9816481, $7.95, $8.0972, $7.94
07/15/2019, $7.77, 5487547, $7.74, $7.79, $7.695
07/12/2019, $7.67, 6487439, $7.59, $7.68, $7.55
07/11/2019, $7.48, 4952288, $7.39, $7.5, $7.325
07/10/2019, $7.4, 7037146, $7.46, $7.54, $7.34
07/09/2019, $7.28, 10129550, $7.34, $7.38, $7.28
07/08/2019, $7.54, 19868970, $7.61, $7.6951, $7.46
07/05/2019, $8.03, 9271316, $8.19, $8.28, $8.005
07/03/2019, $7.81, 3955932, $7.75, $7.83, $7.73
07/02/2019, $7.59, 2643913, $7.62, $7.65, $7.585
07/01/2019, $7.64, 5434683, $7.82, $7.83, $7.5801
06/28/2019, $7.63, 7631767, $7.71, $7.77, $7.575
06/27/2019, $7.54, 7590435, $7.53, $7.58, $7.46
06/26/2019, $7.37, 4736119, $7.33, $7.4, $7.29
06/25/2019, $7.12, 4534656, $7.1, $7.16, $7.06
06/24/2019, $7.1, 3541070, $7.2, $7.22, $7.1
06/21/2019, $7.18, 3267910, $7.18, $7.23, $7.15
06/20/2019, $7.17, 5568743, $7.2, $7.2, $7.09
06/19/2019, $7.17, 5500893, $7.23, $7.295, $7.17
06/18/2019, $7.08, 7085404, $6.93, $7.12, $6.915
06/17/2019, $6.82, 4518820, $6.88, $6.91, $6.8
06/14/2019, $6.79, 2474313, $6.8, $6.82, $6.74
06/13/2019, $6.87, 2624594, $6.9, $6.93, $6.85
06/12/2019, $6.88, 4000016, $6.89, $6.95, $6.865
06/11/2019, $6.98, 9798940, $6.96, $7.03, $6.92
06/10/2019, $6.89, 3794737, $6.8, $6.93, $6.8
06/07/2019, $6.76, 2998977, $6.77, $6.81, $6.75
06/06/2019, $6.75, 6551897, $6.76, $6.78, $6.605
06/05/2019, $6.92, 4270086, $6.96, $6.96, $6.855
06/04/2019, $7.07, 7800670, $6.91, $7.08, $6.87
06/03/2019, $6.73, 5905007, $6.67, $6.75, $6.635
05/31/2019, $6.77, 5815676, $6.78, $6.84, $6.73
05/30/2019, $6.91, 6444355, $6.84, $6.95, $6.84
05/29/2019, $6.92, 5100040, $6.88, $6.92, $6.82
05/28/2019, $7.02, 5371881, $7.1, $7.13, $7
05/24/2019, $7.18, 3116470, $7.16, $7.19, $7.13
05/23/2019, $7.23, 6561139, $7.17, $7.255, $7.125
05/22/2019, $7.34, 4292959, $7.39, $7.42, $7.34
05/21/2019, $7.52, 3427551, $7.46, $7.54, $7.41
05/20/2019, $7.43, 5135213, $7.43, $7.48, $7.39
05/17/2019, $7.58, 2929461, $7.55, $7.68, $7.54
05/16/2019, $7.66, 5072845, $7.67, $7.73, $7.65
05/15/2019, $7.67, 4830036, $7.54, $7.7, $7.51
05/14/2019, $7.68, 3611277, $7.65, $7.74, $7.61
05/13/2019, $7.64, 6126177, $7.66, $7.7, $7.6
05/10/2019, $7.87, 3726620, $7.78, $7.91, $7.75
05/09/2019, $7.78, 4581534, $7.68, $7.8, $7.63
05/08/2019, $7.87, 3412497, $7.84, $7.95, $7.83
05/07/2019, $7.82, 7877369, $7.94, $7.95, $7.81
05/06/2019, $8.11, 4349591, $8.01, $8.14, $7.96
05/03/2019, $8.22, 2487228, $8.21, $8.24, $8.12
05/02/2019, $8.22, 2711622, $8.28, $8.3, $8.2
05/01/2019, $8.15, 3354900, $8.29, $8.37, $8.15
04/30/2019, $8.28, 2539626, $8.33, $8.35, $8.24
04/29/2019, $8.32, 4494406, $8.19, $8.32, $8.14
04/26/2019, $8.19, 4815642, $8.14, $8.22, $8.08
04/25/2019, $8.35, 7279299, $8.38, $8.43, $8.21
04/24/2019, $8.5, 5034438, $8.52, $8.57, $8.42
04/23/2019, $8.54, 9597584, $8.62, $8.67, $8.5
04/22/2019, $8.75, 2035174, $8.7, $8.78, $8.68
04/18/2019, $8.78, 3712461, $8.83, $8.855, $8.75
04/17/2019, $8.93, 6183276, $8.95, $8.975, $8.84
04/16/2019, $8.87, 5743223, $8.77, $8.88, $8.73
04/15/2019, $8.64, 4914130, $8.75, $8.765, $8.595
04/12/2019, $8.61, 5602280, $8.67, $8.75, $8.58
04/11/2019, $8.39, 5381426, $8.35, $8.5, $8.31
04/10/2019, $8.21, 5164713, $8.23, $8.25, $8.12
04/09/2019, $8.24, 3606329, $8.29, $8.29, $8.21
04/08/2019, $8.32, 4820807, $8.3, $8.335, $8.23
04/05/2019, $8.35, 3678153, $8.46, $8.5, $8.35
04/04/2019, $8.5, 5605790, $8.47, $8.56, $8.415
04/03/2019, $8.59, 5368327, $8.6, $8.655, $8.54
04/02/2019, $8.5, 4754153, $8.54, $8.58, $8.47
04/01/2019, $8.55, 7807072, $8.33, $8.55, $8.33
03/29/2019, $8.12, 6337839, $8.21, $8.22, $8.0842
03/28/2019, $8.19, 11895410, $8.17, $8.21, $8.11
03/27/2019, $8.46, 6263743, $8.57, $8.6425, $8.4
03/26/2019, $8.28, 6966211, $8.15, $8.32, $8.15
03/25/2019, $8.17, 8126929, $8.16, $8.22, $8.1
03/22/2019, $8.21, 6524758, $8.32, $8.35, $8.18
03/21/2019, $8.43, 7013212, $8.5, $8.52, $8.42
03/20/2019, $8.78, 7836239, $8.86, $8.93, $8.76
03/19/2019, $9.05, 5656972, $9.11, $9.13, $9.005
03/18/2019, $9.26, 8077863, $9.22, $9.31, $9.19
03/15/2019, $8.88, 3586225, $8.86, $8.9, $8.8
03/14/2019, $8.91, 3831294, $8.96, $8.99, $8.865
03/13/2019, $9.06, 3636774, $8.96, $9.06, $8.93
03/12/2019, $8.86, 5442739, $8.92, $8.97, $8.8
03/11/2019, $9.12, 8796589, $9, $9.15, $8.99
03/08/2019, $8.64, 3056026, $8.56, $8.66, $8.56
03/07/2019, $8.66, 7611631, $8.85, $8.88, $8.6251
03/06/2019, $9.17, 3166626, $9.24, $9.27, $9.155
03/05/2019, $9.16, 2621726, $9.14, $9.17, $9.01
03/04/2019, $9.2, 5242986, $9.32, $9.33, $9.0705
03/01/2019, $9.29, 3363795, $9.39, $9.47, $9.27
02/28/2019, $9.24, 5317259, $9.28, $9.36, $9.23
02/27/2019, $9.11, 5233090, $9.03, $9.15, $9
02/26/2019, $8.92, 3522742, $8.86, $8.94, $8.845
02/25/2019, $8.77, 4322295, $8.81, $8.88, $8.76
02/22/2019, $8.65, 2297182, $8.74, $8.7401, $8.6132
02/21/2019, $8.66, 2664740, $8.7, $8.73, $8.64
02/20/2019, $8.74, 3599860, $8.64, $8.76, $8.63
02/19/2019, $8.61, 4876832, $8.51, $8.62, $8.48
02/15/2019, $8.8, 5859299, $8.61, $8.8, $8.59
02/14/2019, $8.34, 3751211, $8.34, $8.41, $8.28
02/13/2019, $8.54, 3023558, $8.58, $8.63, $8.52
02/12/2019, $8.54, 3343985, $8.46, $8.55, $8.46
02/11/2019, $8.32, 4371188, $8.3, $8.35, $8.27
02/08/2019, $8.19, 7255995, $8.2, $8.22, $8.04
02/07/2019, $8.36, 8585150, $8.69, $8.7, $8.33
02/06/2019, $8.95, 2495574, $8.87, $8.99, $8.87
02/05/2019, $8.9, 3870506, $8.86, $8.92, $8.83
02/04/2019, $8.8, 4122016, $8.7, $8.8, $8.632
02/01/2019, $8.85, 12558870, $8.58, $8.925, $8.57
01/31/2019, $8.88, 9423411, $8.84, $8.9, $8.78
01/30/2019, $9.29, 2825227, $9.22, $9.34, $9.1661
01/29/2019, $9.23, 3155016, $9.27, $9.36, $9.22
01/28/2019, $9.27, 3612394, $9.23, $9.28, $9.175
01/25/2019, $9.24, 4561756, $9.12, $9.34, $9.12
01/24/2019, $8.86, 3004843, $8.88, $8.91, $8.775
01/23/2019, $9.05, 3861667, $9.06, $9.11, $8.98
01/22/2019, $8.85, 3406494, $8.86, $8.97, $8.84
01/18/2019, $9.14, 6793297, $9.08, $9.14, $9
01/17/2019, $8.92, 7327888, $8.96, $8.98, $8.84
01/16/2019, $9.29, 14123920, $8.9, $9.33, $8.88
01/15/2019, $8.63, 5263244, $8.52, $8.63, $8.47
01/14/2019, $8.58, 2833954, $8.44, $8.63, $8.44
01/11/2019, $8.56, 3844614, $8.53, $8.6174, $8.475
01/10/2019, $8.61, 2943288, $8.51, $8.64, $8.48
01/09/2019, $8.56, 3805689, $8.61, $8.67, $8.48
01/08/2019, $8.74, 4386276, $8.89, $8.9, $8.68
01/07/2019, $8.7, 5661706, $8.58, $8.75, $8.52
01/04/2019, $8.52, 4844075, $8.33, $8.54, $8.29
01/03/2019, $8.09, 5310065, $8.16, $8.18, $8.05
01/02/2019, $8.2, 7038186, $7.87, $8.2, $7.86
12/31/2018, $8.15, 5790920, $8.21, $8.29, $8.02
12/28/2018, $8.05, 6147640, $7.98, $8.16, $7.93
12/27/2018, $7.81, 13974830, $7.75, $7.825, $7.62
12/26/2018, $8.16, 6902348, $7.91, $8.17, $7.715
12/24/2018, $7.91, 6395506, $7.87, $7.94, $7.76
12/21/2018, $7.87, 8670684, $7.98, $8.0908, $7.84
12/20/2018, $8.06, 11049050, $8.09, $8.15, $7.97
12/19/2018, $8.37, 7190508, $8.74, $8.77, $8.34
12/18/2018, $8.69, 4683274, $8.77, $8.83, $8.62
12/17/2018, $8.6, 6013943, $8.73, $8.76, $8.575
12/14/2018, $8.8, 4706078, $8.78, $8.915, $8.75
12/13/2018, $8.87, 6442292, $8.84, $8.95, $8.81
12/12/2018, $9.03, 19017030, $8.55, $9.17, $8.47
12/11/2018, $8.33, 6394828, $8.56, $8.58, $8.31
12/10/2018, $8.38, 10544670, $8.69, $8.73, $8.2325
12/07/2018, $8.73, 5792442, $8.92, $8.98, $8.7
12/06/2018, $8.9, 11253810, $8.87, $8.93, $8.73
12/04/2018, $9.06, 6668061, $9.29, $9.31, $9.02
12/03/2018, $9.39, 5626035, $9.47, $9.5, $9.38
11/30/2018, $9.16, 6697914, $9.16, $9.19, $9.1
11/29/2018, $9.42, 11464320, $9.57, $9.5999, $9.36
11/28/2018, $9.89, 4036428, $9.78, $9.89, $9.63
11/27/2018, $9.84, 4419475, $9.75, $9.86, $9.71
11/26/2018, $9.73, 8449159, $9.57, $9.75, $9.56
11/23/2018, $9.25, 2568397, $9.28, $9.34, $9.24
11/21/2018, $9.44, 3657372, $9.41, $9.515, $9.3606
11/20/2018, $9.23, 9329686, $9.42, $9.45, $9.2
11/19/2018, $9.78, 3841191, $9.78, $9.9, $9.715
11/16/2018, $9.81, 3238365, $9.77, $9.885, $9.72
11/15/2018, $9.9, 3794008, $9.72, $9.91, $9.66
11/14/2018, $9.87, 3321604, $10.02, $10.03, $9.73
11/13/2018, $9.86, 4386806, $9.8, $9.97, $9.8
11/12/2018, $9.73, 6436880, $9.95, $9.96, $9.72
11/09/2018, $10.12, 3218764, $10.25, $10.27, $10.06
11/08/2018, $10.34, 3444634, $10.56, $10.6174, $10.3
11/07/2018, $10.61, 3320638, $10.6, $10.64, $10.47
11/06/2018, $10.44, 2828249, $10.36, $10.45, $10.305
11/05/2018, $10.46, 2808927, $10.5, $10.55, $10.42
11/02/2018, $10.52, 7073554, $10.52, $10.58, $10.4
11/01/2018, $10.25, 7276692, $10.16, $10.3, $10.1
10/31/2018, $9.77, 4550663, $9.77, $9.87, $9.74
10/30/2018, $9.74, 4905736, $9.79, $9.8362, $9.65
10/29/2018, $9.64, 5834719, $9.84, $9.86, $9.6
10/26/2018, $9.67, 6821714, $9.72, $9.78, $9.6
10/25/2018, $10, 8575488, $10.06, $10.07, $9.95
10/24/2018, $10, 11894010, $10.32, $10.34, $10
10/23/2018, $10.7, 5965353, $10.64, $10.79, $10.575
10/22/2018, $10.72, 4185080, $10.86, $10.88, $10.7
10/19/2018, $10.92, 6010390, $10.86, $11.09, $10.81
10/18/2018, $10.97, 6980382, $11.23, $11.275, $10.91
10/17/2018, $11.26, 4259212, $11.29, $11.43, $11.205
10/16/2018, $11.16, 3348592, $11.14, $11.195, $11.075
10/15/2018, $11.03, 4591591, $10.99, $11.13, $10.96
10/12/2018, $10.84, 4014302, $11, $11.02, $10.72
10/11/2018, $10.83, 7649150, $11.02, $11.05, $10.8
10/10/2018, $10.92, 3917786, $11.17, $11.19, $10.91
10/09/2018, $11.03, 2947774, $10.94, $11.09, $10.8725
10/08/2018, $11.05, 3373158, $10.95, $11.0762, $10.92
10/05/2018, $11.12, 3556093, $11.26, $11.26, $11.08
10/04/2018, $11.2, 5948624, $11.34, $11.395, $11.09
10/03/2018, $11.32, 3722622, $11.22, $11.35, $11.19
10/02/2018, $11.13, 3368654, $11.15, $11.16, $11.02
10/01/2018, $11.25, 5698098, $11.3, $11.35, $11.185
09/28/2018, $11.36, 4743214, $11.36, $11.49, $11.33
09/27/2018, $11.81, 3011900, $11.86, $11.97, $11.79
09/26/2018, $11.9, 3002104, $12.03, $12.06, $11.9
09/25/2018, $12.15, 2886821, $12.34, $12.355, $12.125
09/24/2018, $12.24, 3688219, $12.5, $12.515, $12.225
09/21/2018, $12.34, 7138022, $12.23, $12.4, $12.15
09/20/2018, $12.25, 5555604, $12.22, $12.35, $12.16
09/19/2018, $11.95, 4892643, $11.68, $12.01, $11.67
09/18/2018, $11.58, 1990386, $11.51, $11.63, $11.51
09/17/2018, $11.51, 2540654, $11.46, $11.56, $11.46
09/14/2018, $11.4, 2203662, $11.3, $11.42, $11.29
09/13/2018, $11.36, 3963086, $11.43, $11.5285, $11.31
09/12/2018, $11.24, 10676290, $11.02, $11.34, $10.99
09/11/2018, $11.24, 8142472, $10.99, $11.24, $10.97
09/10/2018, $11.11, 2486262, $11.2, $11.22, $11.085
09/07/2018, $11.13, 3630295, $11.11, $11.195, $11.05
09/06/2018, $11.38, 3689899, $11.41, $11.47, $11.31
09/05/2018, $11.47, 2961878, $11.6, $11.63, $11.445
09/04/2018, $11.42, 3729902, $11.26, $11.46, $11.19
08/31/2018, $11.26, 3252600, $11.31, $11.35, $11.19
08/30/2018, $11.42, 3807741, $11.44, $11.485, $11.335
08/29/2018, $11.66, 2215250, $11.58, $11.69, $11.543
08/28/2018, $11.55, 3292817, $11.63, $11.65, $11.55
08/27/2018, $11.73, 4689243, $11.49, $11.77, $11.49
08/24/2018, $11.39, 2881530, $11.41, $11.425, $11.33
08/23/2018, $11.3, 3277299, $11.35, $11.41, $11.3
08/22/2018, $11.61, 3145408, $11.61, $11.64, $11.54
08/21/2018, $11.54, 4689794, $11.47, $11.59, $11.42
08/20/2018, $11.22, 3377366, $11.14, $11.23, $11.12
08/17/2018, $11.2, 3637084, $11.09, $11.22, $11.06
08/16/2018, $11.21, 4142550, $11.24, $11.3, $11.2
08/15/2018, $11.19, 6391242, $11.11, $11.21, $11.045
08/14/2018, $11.49, 4532318, $11.46, $11.505, $11.37
08/13/2018, $11.45, 10257890, $11.49, $11.55, $11.44
08/10/2018, $11.82, 11365260, $11.59, $11.825, $11.58
08/09/2018, $12.4, 3225078, $12.45, $12.4855, $12.37
08/08/2018, $12.52, 2837764, $12.56, $12.6, $12.475
08/07/2018, $12.62, 2495333, $12.69, $12.715, $12.595
08/06/2018, $12.52, 3651472, $12.42, $12.55, $12.34
08/03/2018, $12.5, 2517226, $12.47, $12.54, $12.38
08/02/2018, $12.54, 6118030, $12.47, $12.54, $12.36
08/01/2018, $12.95, 4698320, $12.95, $13.04, $12.87
07/31/2018, $13.06, 6396500, $13.17, $13.17, $13.06
07/30/2018, $12.79, 8793037, $12.71, $12.895, $12.69
07/27/2018, $12.42, 6186255, $12.35, $12.435, $12.3
07/26/2018, $12.2, 4124005, $12.3, $12.33, $12.19
07/25/2018, $12.18, 7154478, $12.08, $12.18, $11.95
07/24/2018, $12.28, 7631283, $12.2, $12.35, $12.195
07/23/2018, $12.18, 6766048, $12.1, $12.19, $12.09
07/20/2018, $12.03, 4881821, $11.88, $12.075, $11.86
07/19/2018, $12.02, 5335753, $12.02, $12.06, $11.91
07/18/2018, $12.08, 5493930, $11.98, $12.12, $11.95
07/17/2018, $11.87, 6890036, $11.84, $11.915, $11.8
07/16/2018, $12.14, 17660730, $11.95, $12.2, $11.93
07/13/2018, $11.24, 2724509, $11.23, $11.27, $11.1
07/12/2018, $11.2, 4057714, $11.12, $11.22, $11.08
07/11/2018, $11.15, 5418679, $11.27, $11.32, $11.115
07/10/2018, $11.43, 4404553, $11.41, $11.45, $11.349
07/09/2018, $11.54, 4405195, $11.46, $11.55, $11.44
07/06/2018, $11.46, 6942554, $11.42, $11.55, $11.42
07/05/2018, $11.13, 5825195, $11.16, $11.19, $11.09
07/03/2018, $10.7, 2371812, $10.79, $10.81, $10.695
07/02/2018, $10.64, 5513018, $10.57, $10.69, $10.5301
06/29/2018, $10.62, 5749876, $10.65, $10.81, $10.62
06/28/2018, $10.47, 5778337, $10.46, $10.53, $10.375
06/27/2018, $10.38, 9556058, $10.48, $10.61, $10.36
06/26/2018, $10.78, 4242256, $10.85, $10.86, $10.6911
06/25/2018, $10.89, 3652269, $10.89, $10.92, $10.81
06/22/2018, $11.01, 3469189, $11.04, $11.08, $10.99
06/21/2018, $10.89, 5428227, $10.99, $11, $10.815
06/20/2018, $11.08, 2359263, $11.12, $11.17, $11.08
06/19/2018, $11.17, 6547608, $10.9, $11.19, $10.81
06/18/2018, $11.08, 4490047, $10.96, $11.09, $10.92
06/15/2018, $11.1, 4681880, $10.96, $11.15, $10.94
06/14/2018, $11.22, 4669331, $11.27, $11.3384, $11.19
06/13/2018, $11.37, 3601514, $11.36, $11.46, $11.3
06/12/2018, $11.41, 3139139, $11.48, $11.52, $11.34
06/11/2018, $11.43, 3975919, $11.37, $11.48, $11.33
06/08/2018, $11.25, 6514152, $11.22, $11.33, $11.11
06/07/2018, $11.51, 11833180, $11.41, $11.655, $11.25
06/06/2018, $11.35, 7626045, $11.08, $11.35, $11.08
06/05/2018, $11.03, 5909145, $11.12, $11.14, $10.95
06/04/2018, $11.21, 5856835, $11.22, $11.25, $11.13
06/01/2018, $11.04, 10875410, $11.11, $11.14, $10.941
05/31/2018, $11.08, 31962730, $10.93, $11.16, $10.5748
05/30/2018, $11.57, 10296570, $11.51, $11.62, $11.3839
05/29/2018, $11.3, 15498810, $11.52, $11.56, $11.18
05/25/2018, $12.05, 6438457, $12.06, $12.135, $11.95
05/24/2018, $12.25, 11034160, $12.25, $12.345, $11.99
05/23/2018, $12.88, 5843294, $12.76, $12.9, $12.68
05/22/2018, $12.97, 4480060, $12.9, $13, $12.87
05/21/2018, $12.71, 2851171, $12.8, $12.8, $12.68
05/18/2018, $12.71, 4731074, $12.75, $12.8, $12.66
05/17/2018, $12.99, 2617935, $13.01, $13.07, $12.96
05/16/2018, $13, 6995001, $12.95, $13.065, $12.9
05/15/2018, $13.29, 5819223, $13.31, $13.43, $13.235
05/14/2018, $13.65, 3035493, $13.75, $13.78, $13.64
05/11/2018, $13.86, 1324874, $13.95, $13.98, $13.86
05/10/2018, $13.88, 2297397, $13.72, $13.92, $13.68
05/09/2018, $13.78, 3072798, $13.69, $13.81, $13.67
05/08/2018, $13.59, 3481616, $13.52, $13.63, $13.52
05/07/2018, $13.78, 2265617, $13.62, $13.79, $13.62
05/04/2018, $13.78, 1779818, $13.53, $13.82, $13.51
05/03/2018, $13.63, 1968925, $13.66, $13.68, $13.5
05/02/2018, $13.63, 2712797, $13.73, $13.76, $13.6
05/01/2018, $13.59, 2585302, $13.7, $13.7, $13.52
04/30/2018, $13.66, 2705751, $13.68, $13.7601, $13.66
04/27/2018, $13.89, 6033783, $13.83, $13.91, $13.65
04/26/2018, $14.34, 3544088, $14.32, $14.4, $14.19
04/25/2018, $14.6, 3656988, $14.59, $14.67, $14.44
04/24/2018, $14.78, 6235338, $14.69, $14.92, $14.66
04/23/2018, $14.25, 2482481, $14.33, $14.35, $14.215
04/20/2018, $14.26, 3019991, $14.19, $14.29, $14.09
04/19/2018, $14.46, 3643570, $14.41, $14.53, $14.35
04/18/2018, $14.44, 2326817, $14.51, $14.55, $14.43
04/17/2018, $14.38, 2934047, $14.37, $14.47, $14.345
04/16/2018, $14.33, 2210430, $14.37, $14.42, $14.31
04/13/2018, $14.38, 2673098, $14.68, $14.69, $14.33
04/12/2018, $14.41, 2759865, $14.32, $14.45, $14.29
04/11/2018, $14.19, 3200458, $14.3, $14.36, $14.18
04/10/2018, $14.08, 3297873, $14.1, $14.135, $14.03
04/09/2018, $14.01, 4975612, $14.21, $14.229, $14
04/06/2018, $13.87, 4373711, $14.02, $14.065, $13.82
04/05/2018, $14.32, 4649376, $14.06, $14.34, $14.04
04/04/2018, $13.88, 3795667, $13.53, $13.9, $13.53
04/03/2018, $13.72, 2798774, $13.65, $13.765, $13.52
04/02/2018, $13.68, 3621168, $13.895, $13.995, $13.52
03/29/2018, $13.98, 3322869, $13.97, $14.03, $13.87
03/28/2018, $13.76, 5219893, $13.87, $13.9307, $13.67
03/27/2018, $13.77, 6660051, $14.05, $14.1014, $13.69
03/26/2018, $14.07, 6867752, $13.99, $14.09, $13.78
03/23/2018, $13.75, 9431202, $13.99, $14.12, $13.7301
03/22/2018, $14.19, 11711860, $14.24, $14.37, $14.17
03/21/2018, $14.79, 12844440, $14.75, $14.965, $14.57
03/20/2018, $15.52, 2196611, $15.56, $15.635, $15.475
03/19/2018, $15.54, 4183977, $15.75, $15.78, $15.405
03/16/2018, $15.82, 3689009, $15.7, $15.87, $15.69
03/15/2018, $15.7, 2183562, $15.71, $15.819, $15.64
03/14/2018, $15.7, 4117305, $15.92, $15.92, $15.59
03/13/2018, $15.79, 4469244, $16.06, $16.105, $15.78
03/12/2018, $16.11, 2833041, $16.11, $16.1601, $16.015
03/09/2018, $16.12, 3112106, $16.07, $16.14, $16.02
03/08/2018, $16.18, 4004412, $16.22, $16.305, $16.05
03/07/2018, $16.33, 3749575, $16.08, $16.35, $16.07
03/06/2018, $16.06, 2398077, $16.03, $16.095, $15.915
03/05/2018, $15.89, 3884875, $15.56, $15.9759, $15.549
03/02/2018, $15.79, 7563205, $15.48, $15.8585, $15.4
03/01/2018, $15.7, 4869111, $15.86, $15.9338, $15.555
02/28/2018, $15.94, 4368136, $16.39, $16.4, $15.93
02/27/2018, $16.4, 3047272, $16.42, $16.52, $16.37
02/26/2018, $16.48, 2322148, $16.44, $16.51, $16.331
02/23/2018, $16.43, 3094991, $16.44, $16.45, $16.33
02/22/2018, $16.43, 4052872, $16.45, $16.63, $16.38
02/21/2018, $16.57, 4413750, $16.72, $16.83, $16.56
02/20/2018, $16.46, 3808354, $16.31, $16.55, $16.29
02/16/2018, $16.08, 3255659, $15.88, $16.15, $15.8715
02/15/2018, $16.11, 3499946, $16.25, $16.26, $15.97
02/14/2018, $16.26, 4768088, $15.72, $16.29, $15.665
02/13/2018, $15.9, 3246253, $15.96, $16.02, $15.82
02/12/2018, $16.01, 6412395, $16.11, $16.205, $15.7824
02/09/2018, $15.58, 8652936, $15.45, $15.635, $15.064
02/08/2018, $15.49, 9364618, $16.36, $16.37, $15.48
02/07/2018, $16.09, 9774080, $15.73, $16.22, $15.67
02/06/2018, $16.52, 12388590, $16.25, $16.63, $16.1826
02/05/2018, $16.39, 10177060, $17.02, $17.14, $16.3
02/02/2018, $17.09, 15240760, $17.69, $17.74, $17.03
02/01/2018, $18.65, 3088457, $18.35, $18.65, $18.32
01/31/2018, $18.34, 2885969, $18.45, $18.5, $18.31
01/30/2018, $18.38, 5353597, $18.7, $18.72, $18.32
01/29/2018, $19.1, 3574263, $19.28, $19.29, $19.055
01/26/2018, $19.51, 2386103, $19.55, $19.58, $19.455
01/25/2018, $19.64, 3504754, $19.91, $19.93, $19.57
01/24/2018, $19.74, 4057264, $19.93, $19.98, $19.57
01/23/2018, $19.47, 2752964, $19.46, $19.52, $19.355
01/22/2018, $19.39, 7125139, $19.29, $19.4, $19.21
01/19/2018, $18.78, 2981295, $18.65, $18.8, $18.58
01/18/2018, $18.53, 1964642, $18.66, $18.67, $18.52
01/17/2018, $18.52, 2585030, $18.52, $18.61, $18.295
01/16/2018, $18.51, 3106620, $18.75, $18.75, $18.435
01/12/2018, $18.7, 4427248, $18.53, $18.7, $18.48
01/11/2018, $18.56, 3278464, $18.53, $18.645, $18.44
01/10/2018, $18.5, 4390204, $18.5, $18.65, $18.431
01/09/2018, $18.13, 4672036, $17.99, $18.16, $17.97
01/08/2018, $18.3, 5009517, $18.33, $18.42, $18.27
01/05/2018, $18.55, 16504550, $19.34, $19.4, $18.5
01/04/2018, $19.77, 4408090, $19.62, $19.79, $19.62
01/03/2018, $19.16, 4234959, $19.09, $19.21, $19
01/02/2018, $19.33, 2307430, $19.27, $19.33, $19.16
12/29/2017, $19.03, 1548660, $19.07, $19.1, $18.99
12/28/2017, $19.1, 1704921, $19.14, $19.17, $19.005
12/27/2017, $19.06, 2427518, $19.26, $19.26, $19.03
12/26/2017, $19.23, 1618616, $19.37, $19.4, $19.18
12/22/2017, $19.38, 2434194, $19.45, $19.46, $19.27
12/21/2017, $19.7, 4690654, $19.54, $19.76, $19.52
12/20/2017, $19.71, 2263986, $19.99, $19.9901, $19.68
12/19/2017, $19.85, 3695568, $20.09, $20.09, $19.84
12/18/2017, $20.1, 5953034, $19.86, $20.225, $19.84
12/15/2017, $19.43, 3309523, $19.5, $19.535, $19.38
12/14/2017, $19.23, 2568147, $19.45, $19.5, $19.201
12/13/2017, $19.33, 2734276, $19.48, $19.48, $19.32
12/12/2017, $19.38, 2658838, $19.25, $19.44, $19.2153
12/11/2017, $19.3, 2150558, $19.33, $19.35, $19.24
12/08/2017, $19.38, 6232265, $19.39, $19.42, $19.26
12/07/2017, $18.85, 2271566, $18.65, $18.885, $18.62
12/06/2017, $18.5, 2881567, $18.53, $18.655, $18.47
12/05/2017, $18.76, 3220136, $18.85, $18.93, $18.73
12/04/2017, $19.12, 2915543, $19.13, $19.18, $18.995
12/01/2017, $18.98, 3862635, $18.91, $19.06, $18.7275
11/30/2017, $18.86, 3463117, $19.09, $19.095, $18.8112
11/29/2017, $19, 4202391, $18.95, $19.0801, $18.86
11/28/2017, $18.88, 4281813, $18.49, $18.92, $18.44
11/27/2017, $18.74, 3509142, $18.85, $19.03, $18.72
11/24/2017, $19.19, 1581614, $19.09, $19.2, $19.085
11/22/2017, $18.91, 2619489, $19.06, $19.115, $18.83
11/21/2017, $19.01, 3395237, $19.16, $19.21, $18.97
11/20/2017, $19.17, 3455800, $19.23, $19.23, $19.1
11/17/2017, $19.13, 3857349, $19.02, $19.2, $18.99
11/16/2017, $19.04, 6042588, $18.91, $19.11, $18.85
11/15/2017, $18.48, 7096481, $18.29, $18.67, $18.17
11/14/2017, $18.19, 5284869, $18.1, $18.23, $18.07
11/13/2017, $17.93, 4344535, $17.87, $17.98, $17.8
11/10/2017, $17.94, 5854228, $17.87, $18.055, $17.85
11/09/2017, $17.41, 6491907, $17.28, $17.47, $17.25
11/08/2017, $17.04, 6890785, $16.93, $17.11, $16.84
11/07/2017, $16.68, 3516142, $16.96, $17.04, $16.665
11/06/2017, $16.83, 3684374, $16.63, $16.86, $16.6
11/03/2017, $16.82, 2476033, $16.95, $16.96, $16.76
11/02/2017, $17.06, 7032482, $16.81, $17.09, $16.75
11/01/2017, $16.56, 5090053, $16.28, $16.58, $16.26
10/31/2017, $16.27, 2181349, $16.33, $16.38, $16.22
10/30/2017, $16.26, 4408429, $16.35, $16.4072, $16.2
10/27/2017, $16.32, 5698360, $16.46, $16.52, $16.3
10/26/2017, $16.72, 6483385, $16.8, $16.9, $16.7
10/25/2017, $17.12, 5516992, $17.33, $17.35, $17.02
10/24/2017, $17.18, 6602010, $17.16, $17.26, $17.13
10/23/2017, $16.63, 3578483, $16.73, $16.75, $16.59
10/20/2017, $16.98, 2944956, $16.98, $17.04, $16.88
10/19/2017, $16.87, 2711369, $16.81, $16.88, $16.74
10/18/2017, $16.89, 2527442, $16.84, $16.961, $16.84
10/17/2017, $16.71, 3342985, $16.72, $16.82, $16.69
10/16/2017, $16.72, 3207983, $16.71, $16.76, $16.62
10/13/2017, $16.58, 4184512, $16.63, $16.725, $16.55
10/12/2017, $16.7, 2793254, $16.82, $16.82, $16.67
10/11/2017, $16.92, 2366034, $16.92, $16.98, $16.83
10/10/2017, $16.99, 2545179, $16.91, $17.015, $16.81
10/09/2017, $16.87, 3761383, $17.03, $17.035, $16.814
10/06/2017, $17.21, 3485981, $17.18, $17.27, $17.11
10/05/2017, $17.22, 3656197, $16.9, $17.24, $16.88
10/04/2017, $16.79, 3076111, $16.83, $16.95, $16.77
10/03/2017, $17.07, 2240680, $17.1, $17.13, $17.01
10/02/2017, $17.09, 3225556, $16.97, $17.12, $16.91
09/29/2017, $17.28, 5439993, $17.11, $17.29, $17.1
09/28/2017, $16.98, 4979726, $17.01, $17.06, $16.89
09/27/2017, $16.57, 10232940, $16.37, $16.65, $16.31
09/26/2017, $16.02, 4717933, $16.2, $16.21, $16.01
09/25/2017, $16.04, 8176905, $16.28, $16.37, $15.99
09/22/2017, $16.63, 1929460, $16.55, $16.68, $16.51
09/21/2017, $16.69, 4043971, $16.56, $16.735, $16.54
09/20/2017, $16.38, 4920845, $16.28, $16.44, $16.21
09/19/2017, $16.56, 2750379, $16.48, $16.59, $16.43
09/18/2017, $16.57, 2287582, $16.57, $16.62, $16.525
09/15/2017, $16.54, 3023054, $16.6, $16.665, $16.51
09/14/2017, $16.68, 2377909, $16.78, $16.85, $16.61
09/13/2017, $16.78, 1872532, $16.93, $16.945, $16.75
09/12/2017, $16.98, 5561635, $16.98, $17.1, $16.91
09/11/2017, $16.34, 3591161, $16.25, $16.47, $16.25
09/08/2017, $16, 2306026, $16.08, $16.15, $16
09/07/2017, $15.92, 4486048, $16.24, $16.26, $15.86
09/06/2017, $15.99, 4133742, $16, $16.095, $15.95
09/05/2017, $15.66, 4859918, $15.88, $15.895, $15.59
09/01/2017, $16.06, 3135544, $15.93, $16.15, $15.9
08/31/2017, $15.99, 3340924, $16.06, $16.08, $15.92
08/30/2017, $16.01, 2760048, $16.04, $16.12, $15.9889
08/29/2017, $16.04, 3623703, $16.01, $16.1, $15.99
08/28/2017, $16.4, 1856963, $16.47, $16.48, $16.36
08/25/2017, $16.42, 2001537, $16.43, $16.55, $16.38
08/24/2017, $16.28, 1675399, $16.34, $16.355, $16.22
08/23/2017, $16.27, 3025735, $16.24, $16.36, $16.16
08/22/2017, $16.3, 7791046, $16.19, $16.32, $16.17
08/21/2017, $16.17, 5085457, $16.34, $16.35, $16.15
08/18/2017, $16.52, 3975769, $16.45, $16.62, $16.41
08/17/2017, $16.44, 7891887, $16.58, $16.72, $16.42
08/16/2017, $17.04, 2232610, $17.23, $17.25, $17.02
08/15/2017, $17.13, 2966915, $17.3, $17.31, $17.055
08/14/2017, $17.29, 6611518, $17.2, $17.395, $17.185
08/11/2017, $17.05, 8678632, $16.93, $17.06, $16.69
08/10/2017, $16.86, 5681211, $17.17, $17.22, $16.86
08/09/2017, $17.58, 4724077, $17.46, $17.59, $17.39
08/08/2017, $17.99, 3437731, $18.03, $18.23, $17.95
08/07/2017, $18.23, 1454284, $18.31, $18.32, $18.21
08/04/2017, $18.33, 2405413, $18.36, $18.43, $18.285
08/03/2017, $18.06, 2516419, $18.01, $18.175, $17.95
08/02/2017, $18.01, 2346737, $18.09, $18.11, $17.915
08/01/2017, $18.13, 3513444, $18.14, $18.21, $18.02
07/31/2017, $17.84, 5255416, $17.76, $17.92, $17.62
07/28/2017, $18.19, 3561231, $18.21, $18.2462, $18.085
07/27/2017, $18.03, 9867498, $18.53, $18.54, $17.935
07/26/2017, $19.06, 5084200, $19.35, $19.355, $19
07/25/2017, $19.04, 4355853, $19.13, $19.22, $18.99
07/24/2017, $18.67, 3435879, $18.47, $18.74, $18.47
07/21/2017, $18.22, 2561618, $18.21, $18.25, $18.1
07/20/2017, $18.46, 2625750, $18.5, $18.53, $18.37
07/19/2017, $18.38, 2539450, $18.38, $18.43, $18.29
07/18/2017, $18.5, 2971905, $18.44, $18.54, $18.3884
07/17/2017, $18.79, 1910762, $18.75, $18.82, $18.66
07/14/2017, $18.86, 2914226, $18.67, $18.93, $18.56
07/13/2017, $18.93, 2500387, $18.83, $18.95, $18.78
07/12/2017, $18.81, 3791991, $18.73, $18.88, $18.69
07/11/2017, $19.07, 2537127, $19.05, $19.09, $18.905
07/10/2017, $18.97, 2483101, $18.86, $19.03, $18.83
07/07/2017, $19.05, 4585739, $19, $19.09, $18.899
07/06/2017, $18.89, 5355288, $18.89, $19.13, $18.85
07/05/2017, $18.63, 4733872, $18.67, $18.68, $18.42
07/03/2017, $18.15, 3012055, $18.17, $18.29, $18.08
06/30/2017, $17.79, 4101619, $18.13, $18.16, $17.68
06/29/2017, $18.07, 7194387, $18.43, $18.47, $17.89
06/28/2017, $17.91, 5761087, $17.62, $17.94, $17.62
06/27/2017, $17.51, 5384545, $17.41, $17.64, $17.36
06/26/2017, $16.88, 2991819, $16.88, $17.02, $16.8
06/23/2017, $16.64, 2375066, $16.74, $16.89, $16.62
06/22/2017, $16.74, 2203575, $16.73, $16.81, $16.65
06/21/2017, $16.9, 2322793, $16.91, $17.025, $16.82
06/20/2017, $16.85, 3314485, $17.23, $17.24, $16.83
06/19/2017, $17.22, 2588222, $17.1, $17.245, $17.06
06/16/2017, $16.82, 3985220, $16.85, $16.86, $16.66
06/15/2017, $16.79, 6185528, $16.83, $16.975, $16.78
06/14/2017, $17.34, 4971291, $17.4, $17.4, $17.125
06/13/2017, $17.47, 3027481, $17.44, $17.53, $17.3665
06/12/2017, $17.36, 4202899, $17.48, $17.5629, $17.245
06/09/2017, $17.67, 4285232, $17.57, $17.785, $17.53
06/08/2017, $17.57, 4579804, $17.3, $17.65, $17.27
06/07/2017, $17.46, 3078257, $17.41, $17.56, $17.375
06/06/2017, $17.33, 3065470, $17.29, $17.42, $17.24
06/05/2017, $17.5, 1832403, $17.44, $17.64, $17.44
06/02/2017, $17.66, 4691288, $17.72, $17.72, $17.5101
06/01/2017, $17.65, 5371619, $17.53, $17.675, $17.42
05/31/2017, $17.48, 8561130, $18.05, $18.05, $17.455
05/30/2017, $17.97, 4651387, $18.1, $18.16, $17.95
05/26/2017, $18.46, 3519982, $18.56, $18.61, $18.38
05/25/2017, $18.85, 4318012, $18.87, $19.03, $18.735
05/24/2017, $18.94, 5418232, $19.09, $19.12, $18.81
05/23/2017, $19.25, 3645023, $19.25, $19.3, $19.0962
05/22/2017, $19.12, 3776078, $19.28, $19.34, $19.02
05/19/2017, $19.04, 5412313, $18.885, $19.21, $18.86
05/18/2017, $18.68, 4817402, $18.72, $18.865, $18.58
05/17/2017, $18.64, 8554308, $18.92, $18.99, $18.53
05/16/2017, $19.27, 6534825, $19.475, $19.48, $19.16
05/15/2017, $19.03, 5368632, $19.135, $19.325, $19.03
05/12/2017, $18.77, 2472940, $18.81, $18.87, $18.65
05/11/2017, $18.81, 3042739, $18.9, $18.94, $18.66
05/10/2017, $19.01, 3084650, $18.98, $19.09, $18.94
05/09/2017, $18.85, 4945473, $19.17, $19.22, $18.77
05/08/2017, $19.07, 4357894, $19.03, $19.15, $18.995
05/05/2017, $19.35, 5777418, $19.07, $19.356, $18.945
05/04/2017, $18.78, 4574991, $18.74, $18.87, $18.71
05/03/2017, $18.47, 5841496, $18.25, $18.485, $18.24
05/02/2017, $18.27, 3451830, $18.25, $18.33, $18.15
05/01/2017, $18.22, 4163851, $18.2, $18.36, $18.185
04/28/2017, $18.07, 6600279, $18.17, $18.22, $18
04/27/2017, $18.15, 9196594, $18.32, $18.32, $18
04/26/2017, $18.84, 7379740, $18.73, $18.94, $18.69
04/25/2017, $18.49, 7732981, $18.62, $18.665, $18.44
04/24/2017, $18.37, 18239060, $18.17, $18.44, $18.13
04/21/2017, $16.5, 6066347, $16.57, $16.7, $16.48
04/20/2017, $16.55, 5897505, $16.51, $16.62, $16.44
04/19/2017, $16.08, 7579150, $16.33, $16.39, $15.96
04/18/2017, $15.96, 5343707, $15.91, $16.05, $15.86
04/17/2017, $16.12, 4836864, $15.93, $16.16, $15.79
04/13/2017, $15.86, 6574664, $16.02, $16.187, $15.85
04/12/2017, $16.19, 6118693, $16.27, $16.285, $16.11
04/11/2017, $16.32, 5948431, $16.39, $16.43, $16.13
04/10/2017, $16.47, 4043220, $16.47, $16.57, $16.41
04/07/2017, $16.46, 6535602, $16.48, $16.585, $16.34
04/06/2017, $16.6, 4793677, $16.59, $16.76, $16.5225
04/05/2017, $16.5, 5066637, $16.93, $16.95, $16.5
04/04/2017, $16.65, 7556381, $16.46, $16.76, $16.4
04/03/2017, $16.7, 10404340, $16.99, $17, $16.6
03/31/2017, $17.16, 8169728, $17.09, $17.285, $17.03
03/30/2017, $17.26, 10961750, $17.04, $17.4, $16.92
03/29/2017, $17.43, 6281399, $17.3, $17.49, $17.24
03/28/2017, $17.38, 13191800, $17.18, $17.51, $17.14
03/27/2017, $16.95, 8706776, $16.51, $17.01, $16.46
03/24/2017, $16.83, 6941047, $16.88, $16.94, $16.57
03/23/2017, $16.91, 7948647, $16.9, $17.06, $16.84
03/22/2017, $17.05, 11348210, $17.04, $17.18, $16.88
03/21/2017, $17.08, 17996120, $17.71, $17.75, $17.01
03/20/2017, $18.38, 20232460, $18.51, $18.84, $18.33
03/17/2017, $19.03, 6849209, $19.45, $19.45, $19.02
03/16/2017, $19.6, 6237751, $19.58, $19.7, $19.36
03/15/2017, $19.27, 5999615, $19.47, $19.575, $19.155
03/14/2017, $19.26, 5050374, $19.34, $19.35, $19.2
03/13/2017, $19.62, 5243015, $19.58, $19.65, $19.515
03/10/2017, $19.63, 9245804, $19.53, $19.68, $19.33
03/09/2017, $19.05, 8267449, $18.87, $19.06, $18.78
03/08/2017, $18.47, 11787960, $18.81, $18.9, $18.39
03/07/2017, $18.47, 9081059, $18.26, $18.48, $18.21
03/06/2017, $18.61, 23279150, $19.01, $19.01, $18.51
03/03/2017, $19.35, 22530890, $20.03, $20.35, $19.3
03/02/2017, $20.21, 4695285, $20.61, $20.64, $20.2
03/01/2017, $20.66, 7163854, $20.47, $20.71, $20.44
02/28/2017, $19.69, 4118748, $19.62, $19.8, $19.56
02/27/2017, $19.58, 3874935, $19.41, $19.61, $19.36
02/24/2017, $19.13, 4842435, $19.15, $19.28, $19.04
02/23/2017, $19.71, 4408159, $19.85, $19.86, $19.53
02/22/2017, $19.65, 3389520, $19.41, $19.68, $19.3631
02/21/2017, $19.58, 3193668, $19.56, $19.69, $19.51
02/17/2017, $19.41, 5811071, $19.22, $19.42, $19.2
02/16/2017, $19.78, 4340040, $20.03, $20.06, $19.69
02/15/2017, $19.98, 5154048, $19.82, $20.09, $19.8
02/14/2017, $19.53, 5636461, $19.17, $19.5699, $19.135
02/13/2017, $19.21, 3482714, $19.13, $19.29, $19.11
02/10/2017, $18.94, 4697707, $18.91, $18.99, $18.8
02/09/2017, $19.26, 7226064, $19.06, $19.29, $19.02
02/08/2017, $19.21, 6417940, $19.07, $19.3, $18.86
02/07/2017, $19.52, 5048676, $19.73, $19.86, $19.49
02/06/2017, $19.74, 5781747, $19.9, $20.04, $19.71
02/03/2017, $20.2, 8481435, $19.91, $20.385, $19.9
02/02/2017, $19.73, 12769350, $19.5, $19.775, $19.36
02/01/2017, $20.47, 6908964, $20.46, $20.68, $20.39
01/31/2017, $19.91, 5102967, $20.17, $20.23, $19.815
01/30/2017, $20.11, 5283304, $20.08, $20.12, $19.85
01/27/2017, $20.46, 4030018, $20.67, $20.7, $20.4139
01/26/2017, $20.8, 4618346, $20.67, $20.86, $20.6142
01/25/2017, $20.85, 8156149, $20.62, $20.94, $20.6
01/24/2017, $19.83, 8014355, $19.45, $19.96, $19.42
01/23/2017, $19.24, 5004646, $19.33, $19.38, $19.03
01/20/2017, $19.18, 5365163, $19.13, $19.29, $19.07
01/19/2017, $18.88, 3644188, $18.97, $19.02, $18.71
01/18/2017, $18.74, 5018982, $18.55, $18.7701, $18.41
01/17/2017, $18.56, 5972717, $19.03, $19.06, $18.54
01/13/2017, $19.18, 6959240, $19.22, $19.4, $19.04
01/12/2017, $18.72, 5370542, $19.02, $19.09, $18.56
01/11/2017, $19.13, 6323961, $18.77, $19.16, $18.705
01/10/2017, $18.67, 7019520, $18.6, $18.78, $18.58
01/09/2017, $19.05, 3668609, $18.95, $19.18, $18.83
01/06/2017, $19.27, 4631131, $19.15, $19.39, $19.12
01/05/2017, $19.26, 6169897, $19.46, $19.57, $19.05
01/04/2017, $19.57, 11138830, $19.02, $19.63, $18.94
01/03/2017, $18.43, 6175828, $18.44, $18.54, $18.28
12/30/2016, $18.1, 4277310, $18.07, $18.23, $17.8835
12/29/2016, $17.82, 4440305, $18.02, $18.06, $17.785
12/28/2016, $17.92, 5005202, $18.2, $18.26, $17.9
12/27/2016, $18.37, 4749333, $18.31, $18.44, $18.2
12/23/2016, $18.63, 8606778, $18.73, $18.79, $18.44
12/22/2016, $18.54, 3574393, $18.7, $18.76, $18.48
12/21/2016, $18.71, 4276427, $18.77, $18.84, $18.64
12/20/2016, $19.01, 8572666, $18.52, $19.04, $18.5
12/19/2016, $18.26, 14044870, $18.57, $18.79, $18.13
12/16/2016, $19.01, 7158039, $19.26, $19.3, $18.99
12/15/2016, $18.94, 9860976, $18.69, $19.12, $18.67
12/14/2016, $18.67, 13281340, $18.54, $18.89, $18.27
12/13/2016, $18.66, 8696295, $18.7, $18.86, $18.51
12/12/2016, $18.31, 7374524, $18.41, $18.5208, $18.15
12/09/2016, $18.28, 11820040, $18.44, $18.48, $18.15
12/08/2016, $19.04, 14927030, $19.02, $19.23, $18.69
12/07/2016, $18.67, 19453640, $18.11, $18.93, $18.1
12/06/2016, $18.29, 20056940, $17.33, $18.3, $17.2
12/05/2016, $16.66, 11887400, $16.09, $16.68, $16.09
12/02/2016, $15.74, 5249059, $15.84, $15.975, $15.67
12/01/2016, $16.06, 6872321, $16.04, $16.2, $15.925
11/30/2016, $15.8, 4732197, $15.62, $15.84, $15.62
11/29/2016, $15.54, 6046384, $15.51, $15.65, $15.35
11/28/2016, $15.11, 6198541, $15.55, $15.59, $15.09
11/25/2016, $15.75, 1821114, $15.62, $15.78, $15.56
11/23/2016, $15.79, 5313062, $15.58, $15.85, $15.49
11/22/2016, $15.92, 4780094, $15.85, $15.96, $15.76
11/21/2016, $16.03, 4345334, $15.98, $16.14, $15.86
11/18/2016, $15.91, 5179869, $16.08, $16.1, $15.83
11/17/2016, $16.09, 6562966, $15.95, $16.11, $15.8
11/16/2016, $16.07, 5796149, $16.15, $16.24, $16
11/15/2016, $16.55, 7296413, $16.32, $16.57, $16.16
11/14/2016, $16.64, 11145950, $16.07, $16.67, $16.06
11/11/2016, $16.19, 9324902, $15.98, $16.24, $15.93
11/10/2016, $15.73, 16938840, $15.16, $15.89, $15.15
11/09/2016, $14.76, 13960200, $14.04, $14.87, $14
11/08/2016, $14.24, 5217902, $14.09, $14.3, $13.95
11/07/2016, $14.22, 5696383, $14.2, $14.27, $14.09
11/04/2016, $13.45, 4065450, $13.45, $13.625, $13.32
11/03/2016, $13.57, 4141609, $13.69, $13.81, $13.535
11/02/2016, $13.6, 8438499, $13.67, $13.74, $13.535
11/01/2016, $13.93, 7727146, $14.35, $14.36, $13.78
10/31/2016, $14.39, 5776995, $14.54, $14.55, $14.29
10/28/2016, $14.62, 7391536, $14.54, $14.74, $14.49
10/27/2016, $14.49, 8305710, $14.62, $14.66, $14.43
10/26/2016, $14.56, 7970994, $14.51, $14.59, $14.33
10/25/2016, $14.27, 6613818, $14.14, $14.38, $14.1
10/24/2016, $14.48, 5679732, $14.6, $14.655, $14.42
10/21/2016, $14.31, 5306913, $14.16, $14.345, $14.15
10/20/2016, $14.37, 18021170, $14.01, $14.595, $14
10/19/2016, $13.86, 4778696, $13.72, $13.895, $13.65
10/18/2016, $13.72, 4324827, $13.63, $13.75, $13.55
10/17/2016, $13.39, 3675413, $13.54, $13.54, $13.365
10/14/2016, $13.43, 8907842, $13.6, $13.69, $13.25
10/13/2016, $13.36, 6856171, $13.23, $13.42, $13.05
10/12/2016, $13.6, 4078474, $13.62, $13.73, $13.54
10/11/2016, $13.62, 5908755, $13.8, $13.84, $13.53
10/10/2016, $13.9, 11462590, $13.7, $14.04, $13.7
10/07/2016, $13.64, 20570610, $13.67, $13.96, $13.4
10/06/2016, $13.53, 14727040, $13.66, $13.68, $13.27
10/05/2016, $13.59, 11986280, $13.42, $13.615, $13.4
10/04/2016, $13.33, 25095160, $13.19, $13.4, $13.03
10/03/2016, $12.98, 21433460, $13.04, $13.14, $12.6
09/30/2016, $13.09, 70098620, $12.07, $13.28, $12.06
09/29/2016, $11.48, 51898260, $12.19, $12.35, $11.185
09/28/2016, $12.3, 14522520, $12.32, $12.32, $12.005
09/27/2016, $11.92, 17139470, $11.59, $11.97, $11.57
09/26/2016, $11.85, 20670580, $12.01, $12.05, $11.23
09/23/2016, $12.75, 6148246, $12.75, $12.83, $12.68
09/22/2016, $13, 8554670, $13.14, $13.23, $12.97
09/21/2016, $12.68, 8827449, $12.46, $12.68, $12.44
09/20/2016, $12.42, 11561670, $12.8, $12.8, $12.4
09/19/2016, $12.97, 8453249, $13.22, $13.23, $12.91
09/16/2016, $13.38, 13473080, $13.38, $13.48, $13.27
09/15/2016, $14.76, 3161069, $14.52, $14.83, $14.48
09/14/2016, $14.52, 3181565, $14.48, $14.72, $14.41
09/13/2016, $14.59, 4930639, $14.87, $14.91, $14.52
09/12/2016, $15.11, 5200691, $14.82, $15.16, $14.71
09/09/2016, $15.26, 9882416, $15.33, $15.43, $15.175
09/08/2016, $14.79, 2970285, $14.54, $14.81, $14.49
09/07/2016, $14.54, 2199882, $14.53, $14.64, $14.45
09/06/2016, $14.46, 3886976, $14.82, $14.82, $14.42
09/02/2016, $14.9, 2694771, $14.84, $14.92, $14.73
09/01/2016, $14.69, 5603321, $15.14, $15.2, $14.57
08/31/2016, $14.75, 5784979, $14.83, $14.96, $14.635
08/30/2016, $14.39, 3369446, $14.24, $14.41, $14.23
08/29/2016, $13.92, 1777143, $13.87, $13.97, $13.85
08/26/2016, $13.98, 5257870, $14.16, $14.28, $13.88
08/25/2016, $14.02, 2026334, $14.11, $14.165, $14
08/24/2016, $14.19, 3275256, $14.31, $14.36, $14.14
08/23/2016, $14, 3081183, $13.96, $14.06, $13.95
08/22/2016, $13.51, 3448662, $13.46, $13.62, $13.421
08/19/2016, $13.55, 4550527, $13.55, $13.6293, $13.45
08/18/2016, $13.97, 2367998, $13.83, $14.015, $13.8
08/17/2016, $13.97, 3105357, $13.925, $14, $13.79
08/16/2016, $14.23, 1771768, $14.34, $14.3799, $14.23
08/15/2016, $14.35, 2245902, $14.3, $14.35, $14.275
08/12/2016, $14.25, 2069866, $14.28, $14.32, $14.2
08/11/2016, $14.23, 2608252, $14.25, $14.34, $14.185
08/10/2016, $14.22, 6641916, $14.15, $14.31, $14.03
08/09/2016, $13.73, 4012951, $13.51, $13.78, $13.51
08/08/2016, $13.47, 3325684, $13.4, $13.5, $13.36
08/05/2016, $13.15, 6014603, $12.85, $13.16, $12.83
08/04/2016, $12.7, 3763180, $12.71, $12.8, $12.63
08/03/2016, $12.69, 7202896, $12.56, $12.71, $12.48
08/02/2016, $12.58, 7633878, $12.72, $12.79, $12.55
08/01/2016, $13.07, 4860735, $13.25, $13.27, $13.04
07/29/2016, $13.44, 6925145, $13.5, $13.53, $13.2971
07/28/2016, $13.25, 5226932, $13.3, $13.32, $13.195
07/27/2016, $13.63, 7700365, $13.78, $13.88, $13.53
07/26/2016, $14.18, 3264114, $14.16, $14.2393, $14.06
07/25/2016, $14.4, 2481750, $14.5, $14.57, $14.365
07/22/2016, $14.35, 2024204, $14.52, $14.55, $14.31
07/21/2016, $14.44, 4047851, $14.66, $14.79, $14.38
07/20/2016, $14.3, 3134959, $14.13, $14.32, $14.01
07/19/2016, $14.01, 4684128, $14, $14.08, $13.95
07/18/2016, $14.54, 4327800, $14.36, $14.61, $14.24
07/15/2016, $14.43, 3467833, $14.62, $14.62, $14.38
07/14/2016, $14.54, 7131367, $14.36, $14.62, $14.31
07/13/2016, $13.95, 5461032, $14.21, $14.26, $13.88
07/12/2016, $14.1, 7853241, $14.11, $14.24, $14.01
07/11/2016, $13.3, 5733570, $13.18, $13.4, $13.1
07/08/2016, $12.97, 6052562, $13.13, $13.14, $12.89
07/07/2016, $12.6, 8222246, $12.76, $12.91, $12.5
07/06/2016, $12.97, 9916636, $12.77, $12.99, $12.5
07/05/2016, $13.4, 7347919, $13.73, $13.76, $13.34
07/01/2016, $13.91, 7624856, $13.97, $14.07, $13.825
06/30/2016, $13.73, 12020670, $13.65, $13.9, $13.4699
06/29/2016, $14.09, 8701102, $13.97, $14.12, $13.94
06/28/2016, $14.17, 7827736, $14.39, $14.46, $13.88
06/27/2016, $13.87, 10649400, $13.96, $13.99, $13.4
06/24/2016, $14.72, 18030260, $14.63, $15.31, $14.62
06/23/2016, $17.84, 6247772, $17.6, $17.86, $17.31
06/22/2016, $16.87, 4796243, $17.15, $17.22, $16.86
06/21/2016, $16.81, 4874207, $16.66, $16.875, $16.4
06/20/2016, $16.3, 5682951, $16.41, $16.45, $16.29
06/17/2016, $15.62, 6044789, $15.39, $15.67, $15.29
06/16/2016, $14.9, 7799870, $14.32, $14.92, $14.13
06/15/2016, $14.82, 5816691, $14.88, $15.16, $14.77
06/14/2016, $14.73, 6417205, $15.02, $15.17, $14.59
06/13/2016, $15.18, 4879412, $15.22, $15.53, $15.15
06/10/2016, $15.74, 7057378, $15.96, $16, $15.65
06/09/2016, $16.71, 2774613, $16.71, $16.83, $16.6
06/08/2016, $17.05, 2133760, $17.24, $17.36, $17
06/07/2016, $17.27, 2101101, $17.34, $17.46, $17.26
06/06/2016, $17.14, 2431258, $16.89, $17.19, $16.88
06/03/2016, $17.06, 4467694, $17.28, $17.3, $16.88
06/02/2016, $17.54, 2095991, $17.43, $17.62, $17.36
06/01/2016, $17.62, 3892191, $17.36, $17.62, $17.23
05/31/2016, $17.8, 2955800, $18.2, $18.26, $17.74
05/27/2016, $18.13, 1777805, $18.18, $18.31, $18.0699
05/26/2016, $18.05, 2525888, $18.19, $18.23, $18.01
05/25/2016, $17.99, 3398306, $17.88, $18.075, $17.86
05/24/2016, $17.37, 2698836, $17.09, $17.39, $17.0762
05/23/2016, $16.93, 3441698, $16.93, $17.13, $16.71
05/20/2016, $16.91, 2165862, $16.85, $17.0499, $16.85
05/19/2016, $16.79, 3260458, $16.91, $17.07, $16.67
05/18/2016, $16.75, 4286034, $16.14, $16.8, $16.14
05/17/2016, $16.16, 3592669, $16.3, $16.44, $16.1
05/16/2016, $16.37, 2368193, $16.37, $16.47, $16.28
05/13/2016, $16.39, 2349053, $16.62, $16.75, $16.345
05/12/2016, $16.6, 2829129, $16.89, $17.02, $16.47
05/11/2016, $16.7, 3271524, $16.69, $16.93, $16.615
05/10/2016, $17.15, 2444306, $16.98, $17.18, $16.9585
05/09/2016, $16.72, 2707099, $16.96, $17.029, $16.65
05/06/2016, $16.91, 4060695, $16.52, $16.99, $16.5
05/05/2016, $16.67, 4837508, $16.81, $16.88, $16.56
05/04/2016, $17.2, 3135859, $17.35, $17.57, $17.11
05/03/2016, $17.34, 5376260, $17.61, $17.62, $17.3
05/02/2016, $18.48, 3334619, $18.39, $18.53, $18.2
04/29/2016, $18.96, 3539335, $19.15, $19.26, $18.785
04/28/2016, $19.46, 3935850, $19.37, $19.7, $19.32
04/27/2016, $19.02, 3529128, $18.78, $19.06, $18.76
04/26/2016, $18.64, 2172260, $18.73, $18.73, $18.45
04/25/2016, $18.14, 3292446, $18.32, $18.3601, $17.97
04/22/2016, $18.89, 2742052, $18.69, $18.96, $18.67
04/21/2016, $18.67, 4376142, $19.15, $19.16, $18.62
04/20/2016, $18.72, 4698875, $18.48, $18.74, $18.4
04/19/2016, $17.84, 3407793, $17.86, $17.95, $17.645
04/18/2016, $17.69, 2817612, $17.45, $17.78, $17.4
04/15/2016, $17.3, 2220769, $17.32, $17.38, $17.23
04/14/2016, $17.28, 3957767, $17.41, $17.43, $17.17
04/13/2016, $17.36, 6802118, $16.99, $17.38, $16.99
04/12/2016, $16, 5476806, $15.78, $16.075, $15.48
04/11/2016, $15.92, 3514996, $16.15, $16.25, $15.91
04/08/2016, $15.87, 3583284, $16, $16.09, $15.81
04/07/2016, $15.41, 5393333, $15.78, $15.83, $15.31
04/06/2016, $16.16, 3026192, $15.94, $16.2, $15.9
04/05/2016, $15.93, 4439357, $16.08, $16.15, $15.91
04/04/2016, $16.74, 3588824, $16.81, $16.98, $16.69
04/01/2016, $17.07, 3216824, $16.91, $17.11, $16.895
03/31/2016, $16.94, 3578883, $16.98, $17.21, $16.92
03/30/2016, $17.12, 4405389, $17.22, $17.415, $17.1
03/29/2016, $17.45, 2583632, $17.1, $17.485, $16.99
03/28/2016, $17.61, 1647891, $17.65, $17.71, $17.43
03/24/2016, $17.54, 4046561, $17.44, $17.62, $17.33
03/23/2016, $18, 3228653, $18.5, $18.57, $17.99
03/22/2016, $18.71, 2991961, $18.53, $18.81, $18.46
03/21/2016, $19.07, 2314967, $19.19, $19.35, $19
03/18/2016, $19.27, 2716452, $19.47, $19.59, $19.09
03/17/2016, $19.12, 3618618, $18.96, $19.235, $18.81
03/16/2016, $19.31, 5339484, $18.91, $19.34, $18.8201
03/15/2016, $20.15, 2347772, $20.07, $20.16, $19.9
03/14/2016, $20.59, 2893390, $20.62, $20.7, $20.43
03/11/2016, $20.62, 5480012, $20.23, $20.64, $20.12
03/10/2016, $19.27, 10215320, $19.65, $19.975, $18.92
03/09/2016, $18.98, 2369432, $19.16, $19.2, $18.75
03/08/2016, $19, 3794955, $19.46, $19.46, $18.99
03/07/2016, $19.47, 3019545, $19.08, $19.56, $19.06
03/04/2016, $19.65, 3809858, $19.58, $19.899, $19.48
03/03/2016, $19.51, 4176318, $19.44, $19.54, $19.22
03/02/2016, $18.72, 3394715, $18.25, $18.72, $18.19
03/01/2016, $17.91, 3161936, $17.46, $17.97, $17.31
02/29/2016, $17.19, 3231676, $17.36, $17.43, $17.17
02/26/2016, $17.32, 3141017, $17.31, $17.5201, $17.17
02/25/2016, $16.77, 2556157, $16.52, $16.82, $16.385
02/24/2016, $16.44, 4341486, $16.31, $16.475, $16.07
02/23/2016, $16.68, 2838378, $17.24, $17.25, $16.68
02/22/2016, $17.39, 1931905, $17.11, $17.4299, $17.09
02/19/2016, $16.9, 3525069, $16.86, $16.99, $16.6301
02/18/2016, $17.09, 3337891, $17.64, $17.65, $17.07
02/17/2016, $17.93, 4157531, $17.51, $18.1, $17.51
02/16/2016, $17.16, 5161319, $16.94, $17.29, $16.74
02/12/2016, $17.38, 8616728, $16.98, $17.43, $16.494
02/11/2016, $15.51, 9263113, $15.53, $15.93, $15.19
02/10/2016, $16.21, 8439663, $16.18, $16.78, $15.98
02/09/2016, $15.38, 10422620, $14.83, $15.68, $14.78
02/08/2016, $15.54, 8132951, $16.1, $16.1, $15.075
02/05/2016, $16.89, 3894295, $17.14, $17.2, $16.84
02/04/2016, $16.96, 4107453, $16.66, $17.15, $16.63
02/03/2016, $16.65, 8411788, $16.73, $16.73, $16.12
02/02/2016, $16.94, 3781282, $17.23, $17.25, $16.9
02/01/2016, $17.84, 2086045, $17.86, $17.9, $17.675
01/29/2016, $17.89, 2087293, $17.76, $17.91, $17.62
01/28/2016, $17.76, 2853943, $17.95, $18.0361, $17.61
01/27/2016, $18.42, 2559102, $18.46, $18.74, $18.31
01/26/2016, $18.66, 2129968, $18.34, $18.66, $18.26
01/25/2016, $17.87, 3192433, $18.14, $18.22, $17.84
01/22/2016, $19.06, 2542629, $19.15, $19.285, $18.94
01/21/2016, $18.58, 8222802, $18.18, $18.79, $18.05
01/20/2016, $19.33, 7173575, $19.74, $19.83, $19.09
01/19/2016, $20.42, 3288667, $20.68, $20.73, $20.23
01/15/2016, $20.96, 3595102, $20.96, $21.18, $20.73
01/14/2016, $22.01, 3468953, $21.83, $22.165, $21.485
01/13/2016, $22.17, 2827860, $23.1, $23.15, $22.145
01/12/2016, $22.93, 1777292, $23.03, $23.1299, $22.64
01/11/2016, $22.68, 2476096, $22.75, $22.77, $22.4
01/08/2016, $22.1, 2340927, $22.82, $22.86, $22.08
01/07/2016, $22.72, 2469382, $22.75, $23.1, $22.67
01/06/2016, $23.14, 1393041, $23.12, $23.28, $23.03
01/05/2016, $23.48, 1264719, $23.61, $23.62, $23.24
01/04/2016, $23.49, 2739938, $23.17, $23.49, $23.015
12/31/2015, $24.15, 1103740, $24.34, $24.395, $24.14
12/30/2015, $24.47, 1033561, $24.72, $24.72, $24.46
12/29/2015, $24.87, 1469452, $24.8, $24.92, $24.66
12/28/2015, $24.46, 1176991, $24.51, $24.54, $24.36
12/24/2015, $24.5, 440736, $24.3, $24.57, $24.3
12/23/2015, $24.46, 1512288, $24.31, $24.48, $24.24
12/22/2015, $23.8, 1329317, $23.6, $23.83, $23.47
12/21/2015, $23.65, 1294797, $23.74, $23.86, $23.495
12/18/2015, $23.33, 1595838, $23.56, $23.64, $23.31
12/17/2015, $23.62, 1750303, $23.91, $23.95, $23.52
12/16/2015, $23.85, 2286709, $23.54, $23.925, $23.375
12/15/2015, $23.37, 1901308, $23.5, $23.6, $23.34
12/14/2015, $23.13, 1933687, $23.48, $23.56, $22.83
12/11/2015, $23.18, 2595050, $23.58, $23.605, $23.13
12/10/2015, $24.29, 1611749, $24.33, $24.46, $24.22
12/09/2015, $24.44, 1541010, $24.37, $24.7899, $24.2499
12/08/2015, $24.42, 2083884, $24.55, $24.63, $24.335
12/07/2015, $25.23, 1835793, $25.26, $25.29, $24.99
12/04/2015, $25.49, 1316556, $25.27, $25.55, $25.2
12/03/2015, $25.35, 2351098, $25.85, $25.86, $25.32
12/02/2015, $25.41, 1396472, $25.73, $25.83, $25.3299
12/01/2015, $26.18, 1917260, $26.05, $26.18, $25.93
11/30/2015, $25.69, 1520236, $25.83, $25.86, $25.65
11/27/2015, $25.37, 414382, $25.38, $25.46, $25.31
11/25/2015, $25.38, 812239, $25.37, $25.55, $25.3
11/24/2015, $25.32, 1322691, $25.18, $25.36, $25.1
11/23/2015, $25.45, 1554056, $25.71, $25.77, $25.39
11/20/2015, $25.88, 988586, $26.35, $26.36, $25.85
11/19/2015, $26.45, 1262916, $26.49, $26.61, $26.38
11/18/2015, $26.14, 1484698, $25.9, $26.18, $25.85
11/17/2015, $25.42, 1311433, $25.5, $25.655, $25.39
11/16/2015, $25.6, 1147060, $25.35, $25.615, $25.26
11/13/2015, $25.51, 1496312, $25.63, $25.7, $25.36
11/12/2015, $26.01, 1467640, $26.1, $26.26, $26
11/11/2015, $26.53, 1472588, $26.75, $26.75, $26.36
11/10/2015, $26.76, 1590081, $26.77, $26.834, $26.56
11/09/2015, $27.25, 1412849, $27.64, $27.67, $27.14
11/06/2015, $27.69, 1338538, $27.62, $27.75, $27.37
11/05/2015, $27.52, 987732, $27.7, $27.8, $27.3501
11/04/2015, $27.74, 1515095, $27.93, $28, $27.61
11/03/2015, $28.37, 1185266, $28.14, $28.43, $28.135
11/02/2015, $28.54, 1594492, $28.73, $28.82, $28.41
10/30/2015, $27.95, 1900854, $28.03, $28.14, $27.875
10/29/2015, $27.89, 4625013, $28.15, $28.33, $27.68
10/28/2015, $30.31, 3154142, $29.99, $30.73, $29.91
10/27/2015, $30.2, 1517533, $30.34, $30.43, $30.14
10/26/2015, $30.35, 1465853, $30.04, $30.36, $30
10/23/2015, $30.75, 1488405, $30.55, $30.82, $30.45
10/22/2015, $30.31, 1537930, $30.04, $30.485, $29.98
10/21/2015, $29.8, 1340008, $30.12, $30.21, $29.79
10/20/2015, $30.12, 1344637, $30, $30.27, $29.96
10/19/2015, $30.3, 4088387, $30.28, $30.59, $29.61
10/16/2015, $29.58, 1333487, $29.57, $29.66, $29.41
10/15/2015, $29.29, 1131154, $29.03, $29.33, $28.945
10/14/2015, $28.9, 1985554, $29.01, $29.34, $28.76
10/13/2015, $28.78, 1171111, $28.49, $29.13, $28.48
10/12/2015, $29.14, 1195066, $29.13, $29.26, $29.07
10/09/2015, $29.34, 3753664, $29.24, $29.66, $29.15
10/08/2015, $28.39, 4405593, $28.46, $28.57, $28.07
10/07/2015, $28.79, 2378346, $28.89, $29.13, $28.575
10/06/2015, $28.4, 1418527, $28.07, $28.52, $28.055
10/05/2015, $28.2, 2500061, $28.04, $28.295, $27.99
10/02/2015, $27.14, 2962435, $26.72, $27.15, $26.63
10/01/2015, $26.52, 3235574, $26.65, $26.74, $26.21
09/30/2015, $26.96, 2413237, $26.98, $27.07, $26.63
09/29/2015, $26.54, 2934539, $26.28, $26.58, $26.0401
09/28/2015, $26.21, 3658093, $26.74, $26.76, $26.18
09/25/2015, $27.41, 2419036, $27.55, $27.71, $27.255
09/24/2015, $27.41, 3629871, $27.2, $27.49, $27.04
09/23/2015, $27.34, 1408254, $27.61, $27.62, $27.19
09/22/2015, $27.61, 2230418, $27.77, $27.81, $27.41
09/21/2015, $28.51, 1468516, $28.56, $28.71, $28.33
09/18/2015, $28.45, 2963820, $28.56, $28.75, $28.38
09/17/2015, $29.8, 3198659, $29.81, $30.23, $29.655
09/16/2015, $29.46, 1224857, $29.28, $29.49, $29.19
09/15/2015, $29.63, 1659736, $29.3, $29.69, $29.235
09/14/2015, $29.14, 1916187, $29.03, $29.33, $28.81
09/11/2015, $29.22, 803657, $29.05, $29.23, $28.99
09/10/2015, $29.24, 1254848, $28.97, $29.37, $28.91
09/09/2015, $28.97, 1776409, $29.64, $29.68, $28.93
09/08/2015, $29.49, 1844229, $29.56, $29.63, $29.25
09/04/2015, $28.31, 2249500, $28.31, $28.43, $28.16
09/03/2015, $29.26, 2110481, $29.37, $29.78, $29.19
09/02/2015, $29, 1948689, $29.12, $29.15, $28.58
09/01/2015, $28.66, 2722445, $28.76, $28.89, $28.48
08/31/2015, $29.5, 2553470, $29.4, $29.68, $29.25
08/28/2015, $29.67, 3174619, $29.5, $29.69, $29.32
08/27/2015, $30.06, 3502284, $29.81, $30.1599, $29.59
08/26/2015, $29.8, 3531737, $29.76, $29.82, $29.08
08/25/2015, $29.01, 4874846, $29.88, $30.03, $28.93
08/24/2015, $28.41, 7321137, $28.57, $29.22, $27.85
08/21/2015, $29.71, 3503570, $30.38, $30.6, $29.65
08/20/2015, $30.45, 2371979, $31.08, $31.09, $30.41
08/19/2015, $31.48, 1353687, $31.49, $31.68, $31.25
08/18/2015, $31.79, 1667033, $31.87, $31.91, $31.67
08/17/2015, $32.14, 1790173, $31.76, $32.15, $31.65
08/14/2015, $32.41, 1313179, $32.11, $32.41, $32.1
08/13/2015, $32.74, 1344010, $32.67, $32.86, $32.58
08/12/2015, $32.88, 2076933, $32.74, $32.9, $32.32
08/11/2015, $33.52, 1186855, $33.66, $33.69, $33.245
08/10/2015, $34.04, 809381, $33.67, $34.05, $33.65
08/07/2015, $33.77, 1128144, $33.67, $33.8001, $33.545
08/06/2015, $33.94, 1150097, $34.05, $34.08, $33.76
08/05/2015, $34.06, 1857322, $34.09, $34.18, $33.92
08/04/2015, $34.02, 1497594, $34.11, $34.24, $33.91
08/03/2015, $34.88, 1989819, $35.3, $35.3, $34.61
07/31/2015, $35.02, 2570403, $35.25, $35.38, $34.99
07/30/2015, $34.75, 3414606, $34.49, $34.83, $34.18
07/29/2015, $33.5, 1807056, $33.14, $33.67, $33.14
07/28/2015, $33.24, 947497, $33.06, $33.27, $32.804
07/27/2015, $32.71, 2004436, $32.8, $32.92, $32.6
07/24/2015, $33.22, 3286371, $33.83, $33.94, $33.145
07/23/2015, $33.83, 1970473, $34.06, $34.09, $33.74
07/22/2015, $33.43, 3144348, $33.41, $33.63, $33.345
07/21/2015, $33.4, 1317691, $33.33, $33.5, $33.27
07/20/2015, $33.43, 2776278, $33.46, $33.61, $33.34
07/17/2015, $33.05, 1279086, $33.02, $33.06, $32.86
07/16/2015, $33.21, 1669653, $33.19, $33.36, $33.14
07/15/2015, $32.73, 1603691, $32.87, $32.97, $32.6
07/14/2015, $32.65, 1505393, $32.6, $32.735, $32.5
07/13/2015, $32.44, 2317019, $32.52, $32.64, $32.33
07/10/2015, $31.91, 3117415, $32, $32, $31.67
07/09/2015, $30.16, 2087848, $30.33, $30.44, $30.03
07/08/2015, $29.52, 1787024, $29.75, $29.92, $29.42
07/07/2015, $30.15, 3419113, $29.7, $30.26, $29.1801
07/06/2015, $30.17, 3133053, $29.9, $30.46, $29.87
07/02/2015, $31.52, 1434161, $31.55, $31.56, $31.32
07/01/2015, $31.15, 2853959, $31.29, $31.5438, $31.01
06/30/2015, $30.16, 2794835, $30.67, $30.68, $29.97
06/29/2015, $30.1, 4383319, $30.65, $30.86, $30.08
06/26/2015, $32.25, 2859455, $32.06, $32.46, $32.01
06/25/2015, $31.67, 2149717, $31.63, $31.87, $31.33
06/24/2015, $31.18, 1267166, $31.21, $31.44, $31.12
06/23/2015, $31.47, 1332571, $31.45, $31.6051, $31.3999
06/22/2015, $31.44, 3314165, $31.39, $31.78, $31.14
06/19/2015, $30.26, 2954673, $30.63, $30.66, $30.14
06/18/2015, $31.14, 3747504, $31.06, $31.94, $30.78
06/17/2015, $31.18, 1182078, $31.36, $31.41, $30.92
06/16/2015, $31.21, 917757, $31.05, $31.22, $30.89
06/15/2015, $31.34, 1682629, $31.03, $31.37, $30.99
